{
  "tasks": [
    {
      "taskTitle": "jagadesh",
      "taskDueDate": "2019-12-28T18:30:00.000Z",
      "id": 1
    },
    {
      "taskTitle": "jagadesh",
      "taskDueDate": "2019-12-27T18:30:00.000Z",
      "id": 2
    },
    {
      "taskTitle": "jagadesh",
      "taskDueDate": "2019-12-29T18:30:00.000Z",
      "id": 3
    },
    {
      "taskTitle": "jagadesh",
      "taskDueDate": "2019-12-30T18:30:00.000Z",
      "id": 4
    },
    {
      "taskTitle": "jagadesh",
      "taskDueDate": "2019-12-30T18:30:00.000Z",
      "id": 5
    },
    {
      "taskTitle": "jagadesh",
      "taskDueDate": "2019-12-30T18:30:00.000Z",
      "id": 6
    },
    {
      "taskTitle": "jagadesh",
      "taskDueDate": "2019-12-30T18:30:00.000Z",
      "id": 7
    },
    {
      "taskTitle": "jagadesh",
      "taskDueDate": "2019-12-29T18:30:00.000Z",
      "id": 8
    },
    {
      "taskTitle": "jagadesh",
      "taskDueDate": "2019-12-12T18:30:00.000Z",
      "id": 9
    },
    {
      "taskTitle": "jagadesh",
      "taskDueDate": "2019-12-30T18:30:00.000Z",
      "id": 10
    },
    {
      "taskTitle": "jagadesh",
      "taskDueDate": "2019-12-29T18:30:00.000Z",
      "id": 11
    },
    {
      "taskTitle": "aa",
      "taskDueDate": "2019-12-28T18:30:00.000Z",
      "id": 12
    }
  ],
  "profiles": [
    {
      "id": "jagadesh",
      "username": "jagadesh",
      "password": "jagadesh"
    }
  ]
}